Date,Description,Amount
2025-10-02,Salary Credited Tech Corp,75000
2025-10-05,Swiggy Bangalore Food Delivery,650
2025-10-12,Uber Ride Koramangala,340
2025-10-18,Amazon Online Shopping Festival,4500
2025-10-25,Airtel Broadband Monthly Bill,1099
2025-11-01,Salary Credited Tech Corp,75000
2025-11-04,Zomato Dineout Restaurant,1850
2025-11-10,Shell Petrol Station Fuel,2200
2025-11-16,Netflix Monthly Subscription,649
2025-11-22,Apollo Pharmacy Medicine,820
2025-12-01,Salary Credited Tech Corp,75000
2025-12-08,Myntra Winter Clothing,5400
2025-12-15,BookMyShow IMAX Movie Tickets,950
2025-12-24,Starbucks Coffee Celebration,780
2025-12-30,Bescom Electricity Bill,1450
2026-01-01,Salary Credited Tech Corp,75000
2026-01-07,Blinkit Instant Grocery,1120
2026-01-14,Ola Auto Daily Commute,180
2026-01-20,Cult Fit Gym Renewal,3500
2026-01-28,Flipkart Electronics Sale,8900
2026-02-01,Salary Credited Tech Corp,75000
2026-02-06,Zepto Grocery Essentials,740
2026-02-12,Rapido Bike Office Travel,95
2026-02-14,Restaurant Dinner Party,3200
2026-02-20,Spotify Family Plan,179
